x-axis,F1
Hertz,decibel
+0.0E+00,-53.64380E+00
+250.0E-03,-53.80925E+00
+500.0E-03,-59.76879E+00
+750.0E-03,-59.44285E+00
+1.0000E+00,-65.94328E+00
+1.2500E+00,-63.74615E+00
+1.5000E+00,-74.75828E+00
+1.7500E+00,-67.71524E+00
+2.0000E+00,-72.77084E+00
+2.2500E+00,-79.43248E+00
+2.5000E+00,-68.65325E+00
+2.7500E+00,-73.29438E+00
+3.0000E+00,-73.04227E+00
+3.2500E+00,-74.56542E+00
+3.5000E+00,-70.12554E+00
+3.7500E+00,-72.95436E+00
+4.0000E+00,-74.72276E+00
+4.2500E+00,-75.97299E+00
+4.5000E+00,-75.17422E+00
+4.7500E+00,-76.88865E+00
+5.0000E+00,-72.70691E+00
+5.2500E+00,-73.96069E+00
+5.5000E+00,-80.68130E+00
+5.7500E+00,-81.40202E+00
+6.0000E+00,-71.76321E+00
+6.2500E+00,-72.73390E+00
+6.5000E+00,-81.20009E+00
+6.7500E+00,-79.67277E+00
+7.0000E+00,-74.93642E+00
+7.2500E+00,-80.51163E+00
+7.5000E+00,-81.06266E+00
+7.7500E+00,-78.41615E+00
+8.0000E+00,-75.84467E+00
+8.2500E+00,-81.85289E+00
+8.5000E+00,-81.31256E+00
+8.7500E+00,-82.23137E+00
+9.0000E+00,-80.57414E+00
+9.2500E+00,-83.82218E+00
+9.5000E+00,-88.27317E+00
+9.7500E+00,-84.32890E+00
+10.0000E+00,-81.42797E+00
+10.2500E+00,-91.08297E+00
+10.5000E+00,-85.70258E+00
+10.7500E+00,-87.32334E+00
+11.0000E+00,-75.74272E+00
+11.2500E+00,-74.58910E+00
+11.5000E+00,-79.96433E+00
+11.7500E+00,-74.16850E+00
+12.0000E+00,-77.85039E+00
+12.2500E+00,-75.26478E+00
+12.5000E+00,-70.21624E+00
+12.7500E+00,-82.88095E+00
+13.0000E+00,-89.37669E+00
+13.2500E+00,-78.76304E+00
+13.5000E+00,-74.58583E+00
+13.7500E+00,-76.84278E+00
+14.0000E+00,-76.74726E+00
+14.2500E+00,-85.36323E+00
+14.5000E+00,-78.81006E+00
+14.7500E+00,-79.48058E+00
+15.0000E+00,-82.97711E+00
+15.2500E+00,-78.98169E+00
+15.5000E+00,-78.08685E+00
+15.7500E+00,-78.26916E+00
+16.0000E+00,-82.66872E+00
+16.2500E+00,-83.27071E+00
+16.5000E+00,-75.02000E+00
+16.7500E+00,-78.31618E+00
+17.0000E+00,-81.38864E+00
+17.2500E+00,-80.80904E+00
+17.5000E+00,-81.87503E+00
+17.7500E+00,-80.86290E+00
+18.0000E+00,-78.54402E+00
+18.2500E+00,-86.96378E+00
+18.5000E+00,-86.34843E+00
+18.7500E+00,-81.27786E+00
+19.0000E+00,-89.26491E+00
+19.2500E+00,-72.46506E+00
+19.5000E+00,-75.15472E+00
+19.7500E+00,-75.06640E+00
+20.0000E+00,-81.19196E+00
+20.2500E+00,-79.49526E+00
+20.5000E+00,-77.05211E+00
+20.7500E+00,-82.26678E+00
+21.0000E+00,-82.05485E+00
+21.2500E+00,-92.90123E+00
+21.5000E+00,-82.11864E+00
+21.7500E+00,-74.43917E+00
+22.0000E+00,-85.92314E+00
+22.2500E+00,-79.07974E+00
+22.5000E+00,-79.12025E+00
+22.7500E+00,-79.46116E+00
+23.0000E+00,-81.97893E+00
+23.2500E+00,-79.46600E+00
+23.5000E+00,-76.77385E+00
+23.7500E+00,-75.72494E+00
+24.0000E+00,-79.25966E+00
+24.2500E+00,-80.07494E+00
+24.5000E+00,-85.26742E+00
+24.7500E+00,-87.68401E+00
+25.0000E+00,-76.09015E+00
+25.2500E+00,-73.86223E+00
+25.5000E+00,-77.63680E+00
+25.7500E+00,-85.69785E+00
+26.0000E+00,-87.19402E+00
+26.2500E+00,-72.62784E+00
+26.5000E+00,-76.08682E+00
+26.7500E+00,-86.96235E+00
+27.0000E+00,-86.56027E+00
+27.2500E+00,-78.84531E+00
+27.5000E+00,-84.60167E+00
+27.7500E+00,-79.53783E+00
+28.0000E+00,-74.72244E+00
+28.2500E+00,-79.57780E+00
+28.5000E+00,-79.11174E+00
+28.7500E+00,-78.04932E+00
+29.0000E+00,-84.95606E+00
+29.2500E+00,-78.49664E+00
+29.5000E+00,-85.56697E+00
+29.7500E+00,-80.37224E+00
+30.0000E+00,-82.27714E+00
+30.2500E+00,-81.02559E+00
+30.5000E+00,-83.82790E+00
+30.7500E+00,-73.88750E+00
+31.0000E+00,-77.99434E+00
+31.2500E+00,-74.34839E+00
+31.5000E+00,-76.43279E+00
+31.7500E+00,-89.21468E+00
+32.0000E+00,-84.77311E+00
+32.2500E+00,-80.42241E+00
+32.5000E+00,-82.89258E+00
+32.7500E+00,-84.68469E+00
+33.0000E+00,-89.07891E+00
+33.2500E+00,-79.69096E+00
+33.5000E+00,-78.69687E+00
+33.7500E+00,-78.78431E+00
+34.0000E+00,-84.31079E+00
+34.2500E+00,-73.46736E+00
+34.5000E+00,-76.17008E+00
+34.7500E+00,-92.99826E+00
+35.0000E+00,-82.73210E+00
+35.2500E+00,-89.17523E+00
+35.5000E+00,-81.56198E+00
+35.7500E+00,-83.68158E+00
+36.0000E+00,-83.28592E+00
+36.2500E+00,-80.20416E+00
+36.5000E+00,-81.07387E+00
+36.7500E+00,-78.82829E+00
+37.0000E+00,-87.93233E+00
+37.2500E+00,-79.78264E+00
+37.5000E+00,-77.70300E+00
+37.7500E+00,-92.75769E+00
+38.0000E+00,-78.12126E+00
+38.2500E+00,-77.94941E+00
+38.5000E+00,-80.74386E+00
+38.7500E+00,-77.48106E+00
+39.0000E+00,-81.78275E+00
+39.2500E+00,-87.25519E+00
+39.5000E+00,-87.17700E+00
+39.7500E+00,-75.20369E+00
+40.0000E+00,-75.06118E+00
+40.2500E+00,-81.25102E+00
+40.5000E+00,-87.73432E+00
+40.7500E+00,-75.99589E+00
+41.0000E+00,-71.16739E+00
+41.2500E+00,-68.97804E+00
+41.5000E+00,-75.16644E+00
+41.7500E+00,-76.71065E+00
+42.0000E+00,-83.99311E+00
+42.2500E+00,-84.40446E+00
+42.5000E+00,-93.32472E+00
+42.7500E+00,-88.37122E+00
+43.0000E+00,-79.27989E+00
+43.2500E+00,-68.30298E+00
+43.5000E+00,-70.02137E+00
+43.7500E+00,-78.87044E+00
+44.0000E+00,-75.23569E+00
+44.2500E+00,-81.09731E+00
+44.5000E+00,-78.82622E+00
+44.7500E+00,-76.65552E+00
+45.0000E+00,-89.25349E+00
+45.2500E+00,-78.34548E+00
+45.5000E+00,-74.31113E+00
+45.7500E+00,-74.44055E+00
+46.0000E+00,-74.29940E+00
+46.2500E+00,-76.44085E+00
+46.5000E+00,-73.96038E+00
+46.7500E+00,-85.96034E+00
+47.0000E+00,-71.06544E+00
+47.2500E+00,-69.46468E+00
+47.5000E+00,-73.86873E+00
+47.7500E+00,-74.67935E+00
+48.0000E+00,-70.28457E+00
+48.2500E+00,-64.67760E+00
+48.5000E+00,-59.72545E+00
+48.7500E+00,-54.05994E+00
+49.0000E+00,-49.89293E+00
+49.2500E+00,-42.76722E+00
+49.5000E+00,-27.10456E+00
+49.7500E+00,-3.87016E+00
+50.0000E+00,+4.84685E+00
+50.2500E+00,-6.63564E+00
+50.5000E+00,-30.90109E+00
+50.7500E+00,-42.71667E+00
+51.0000E+00,-50.70341E+00
+51.2500E+00,-57.14583E+00
+51.5000E+00,-57.54842E+00
+51.7500E+00,-68.75044E+00
+52.0000E+00,-75.15623E+00
+52.2500E+00,-71.86456E+00
+52.5000E+00,-75.38522E+00
+52.7500E+00,-72.08108E+00
+53.0000E+00,-71.44171E+00
+53.2500E+00,-74.24331E+00
+53.5000E+00,-73.17692E+00
+53.7500E+00,-80.91067E+00
+54.0000E+00,-82.33562E+00
+54.2500E+00,-80.37349E+00
+54.5000E+00,-85.17279E+00
+54.7500E+00,-79.62836E+00
+55.0000E+00,-81.13318E+00
+55.2500E+00,-82.83421E+00
+55.5000E+00,-84.58954E+00
+55.7500E+00,-84.61690E+00
+56.0000E+00,-81.84347E+00
+56.2500E+00,-79.78372E+00
+56.5000E+00,-80.71997E+00
+56.7500E+00,-77.46076E+00
+57.0000E+00,-79.90607E+00
+57.2500E+00,-84.57939E+00
+57.5000E+00,-79.59371E+00
+57.7500E+00,-78.46496E+00
+58.0000E+00,-73.43654E+00
+58.2500E+00,-73.82854E+00
+58.5000E+00,-79.31462E+00
+58.7500E+00,-86.70171E+00
+59.0000E+00,-76.80452E+00
+59.2500E+00,-77.15940E+00
+59.5000E+00,-82.72338E+00
+59.7500E+00,-85.18957E+00
+60.0000E+00,-83.46375E+00
+60.2500E+00,-81.04460E+00
+60.5000E+00,-79.27411E+00
+60.7500E+00,-83.64124E+00
+61.0000E+00,-85.26621E+00
+61.2500E+00,-86.08333E+00
+61.5000E+00,-74.46740E+00
+61.7500E+00,-83.07830E+00
+62.0000E+00,-82.55886E+00
+62.2500E+00,-77.44785E+00
+62.5000E+00,-73.67397E+00
+62.7500E+00,-78.52319E+00
+63.0000E+00,-85.54424E+00
+63.2500E+00,-74.95922E+00
+63.5000E+00,-82.56219E+00
+63.7500E+00,-84.44053E+00
+64.0000E+00,-81.10142E+00
+64.2500E+00,-77.14251E+00
+64.5000E+00,-77.46569E+00
+64.7500E+00,-87.57618E+00
+65.0000E+00,-86.43943E+00
+65.2500E+00,-79.78738E+00
+65.5000E+00,-89.53692E+00
+65.7500E+00,-86.91807E+00
+66.0000E+00,-83.70431E+00
+66.2500E+00,-76.41056E+00
+66.5000E+00,-87.01980E+00
+66.7500E+00,-84.20577E+00
+67.0000E+00,-80.22460E+00
+67.2500E+00,-74.72596E+00
+67.5000E+00,-83.57772E+00
+67.7500E+00,-81.25411E+00
+68.0000E+00,-89.81396E+00
+68.2500E+00,-80.24092E+00
+68.5000E+00,-78.64195E+00
+68.7500E+00,-78.25938E+00
+69.0000E+00,-85.19070E+00
+69.2500E+00,-83.58683E+00
+69.5000E+00,-77.41626E+00
+69.7500E+00,-80.11901E+00
+70.0000E+00,-76.01333E+00
+70.2500E+00,-83.60920E+00
+70.5000E+00,-86.54149E+00
+70.7500E+00,-95.75561E+00
+71.0000E+00,-80.59943E+00
+71.2500E+00,-76.88844E+00
+71.5000E+00,-79.99643E+00
+71.7500E+00,-79.70234E+00
+72.0000E+00,-83.97830E+00
+72.2500E+00,-79.31959E+00
+72.5000E+00,-85.41990E+00
+72.7500E+00,-78.90511E+00
+73.0000E+00,-83.42091E+00
+73.2500E+00,-89.14605E+00
+73.5000E+00,-76.33507E+00
+73.7500E+00,-78.59119E+00
+74.0000E+00,-82.85593E+00
+74.2500E+00,-80.76438E+00
+74.5000E+00,-85.94750E+00
+74.7500E+00,-79.39462E+00
+75.0000E+00,-87.85708E+00
+75.2500E+00,-104.90898E+00
+75.5000E+00,-83.43995E+00
+75.7500E+00,-87.89542E+00
+76.0000E+00,-78.48603E+00
+76.2500E+00,-74.70887E+00
+76.5000E+00,-81.44390E+00
+76.7500E+00,-87.70076E+00
+77.0000E+00,-83.88378E+00
+77.2500E+00,-78.37707E+00
+77.5000E+00,-85.61152E+00
+77.7500E+00,-79.63251E+00
+78.0000E+00,-81.66023E+00
+78.2500E+00,-76.83156E+00
+78.5000E+00,-76.91966E+00
+78.7500E+00,-83.10139E+00
+79.0000E+00,-79.33312E+00
+79.2500E+00,-78.27713E+00
+79.5000E+00,-83.08673E+00
+79.7500E+00,-84.07987E+00
+80.0000E+00,-75.87206E+00
+80.2500E+00,-79.38789E+00
+80.5000E+00,-76.87414E+00
+80.7500E+00,-76.15695E+00
+81.0000E+00,-79.96063E+00
+81.2500E+00,-79.51142E+00
+81.5000E+00,-80.38936E+00
+81.7500E+00,-96.39920E+00
+82.0000E+00,-82.63276E+00
+82.2500E+00,-78.54515E+00
+82.5000E+00,-94.99186E+00
+82.7500E+00,-93.08858E+00
+83.0000E+00,-83.35357E+00
+83.2500E+00,-84.27426E+00
+83.5000E+00,-80.10409E+00
+83.7500E+00,-82.18328E+00
+84.0000E+00,-83.87329E+00
+84.2500E+00,-82.65111E+00
+84.5000E+00,-79.00148E+00
+84.7500E+00,-84.78878E+00
+85.0000E+00,-81.05800E+00
+85.2500E+00,-89.92289E+00
+85.5000E+00,-84.23815E+00
+85.7500E+00,-87.58685E+00
+86.0000E+00,-85.27774E+00
+86.2500E+00,-83.96506E+00
+86.5000E+00,-88.59187E+00
+86.7500E+00,-80.31705E+00
+87.0000E+00,-84.23524E+00
+87.2500E+00,-78.90391E+00
+87.5000E+00,-76.63396E+00
+87.7500E+00,-83.39507E+00
+88.0000E+00,-89.20786E+00
+88.2500E+00,-79.28331E+00
+88.5000E+00,-82.02337E+00
+88.7500E+00,-86.52304E+00
+89.0000E+00,-84.71752E+00
+89.2500E+00,-86.94916E+00
+89.5000E+00,-79.83376E+00
+89.7500E+00,-84.39871E+00
+90.0000E+00,-87.10151E+00
+90.2500E+00,-83.16299E+00
+90.5000E+00,-88.41264E+00
+90.7500E+00,-82.95306E+00
+91.0000E+00,-88.80476E+00
+91.2500E+00,-76.98680E+00
+91.5000E+00,-79.37958E+00
+91.7500E+00,-81.46237E+00
+92.0000E+00,-79.02447E+00
+92.2500E+00,-81.33025E+00
+92.5000E+00,-82.45029E+00
+92.7500E+00,-79.61265E+00
+93.0000E+00,-82.61174E+00
+93.2500E+00,-94.22636E+00
+93.5000E+00,-83.84267E+00
+93.7500E+00,-83.31821E+00
+94.0000E+00,-81.36606E+00
+94.2500E+00,-90.08410E+00
+94.5000E+00,-82.90467E+00
+94.7500E+00,-74.72388E+00
+95.0000E+00,-72.36663E+00
+95.2500E+00,-75.18531E+00
+95.5000E+00,-78.70427E+00
+95.7500E+00,-75.53461E+00
+96.0000E+00,-80.20731E+00
+96.2500E+00,-81.91468E+00
+96.5000E+00,-78.05396E+00
+96.7500E+00,-73.69288E+00
+97.0000E+00,-76.58525E+00
+97.2500E+00,-76.14368E+00
+97.5000E+00,-83.92298E+00
+97.7500E+00,-79.15730E+00
+98.0000E+00,-73.39324E+00
+98.2500E+00,-72.61982E+00
+98.5000E+00,-73.69329E+00
+98.7500E+00,-80.00522E+00
+99.0000E+00,-74.02866E+00
+99.2500E+00,-63.48388E+00
+99.5000E+00,-66.64507E+00
+99.7500E+00,-56.56627E+00
+100.0000E+00,-49.19712E+00
+100.2500E+00,-60.89506E+00
+100.5000E+00,-64.72576E+00
+100.7500E+00,-67.25182E+00
+101.0000E+00,-77.00753E+00
+101.2500E+00,-80.94831E+00
+101.5000E+00,-83.85306E+00
+101.7500E+00,-86.77975E+00
+102.0000E+00,-76.57584E+00
+102.2500E+00,-77.08703E+00
+102.5000E+00,-91.88903E+00
+102.7500E+00,-76.73025E+00
+103.0000E+00,-86.10904E+00
+103.2500E+00,-84.29300E+00
+103.5000E+00,-84.99332E+00
+103.7500E+00,-90.61740E+00
+104.0000E+00,-70.79527E+00
+104.2500E+00,-65.98521E+00
+104.5000E+00,-70.39886E+00
+104.7500E+00,-73.51860E+00
+105.0000E+00,-80.19092E+00
+105.2500E+00,-82.14957E+00
+105.5000E+00,-80.71450E+00
+105.7500E+00,-83.08600E+00
+106.0000E+00,-74.97902E+00
+106.2500E+00,-80.26888E+00
+106.5000E+00,-77.80208E+00
+106.7500E+00,-80.78562E+00
+107.0000E+00,-80.57509E+00
+107.2500E+00,-83.61867E+00
+107.5000E+00,-83.52390E+00
+107.7500E+00,-82.02854E+00
+108.0000E+00,-84.52098E+00
+108.2500E+00,-79.03588E+00
+108.5000E+00,-73.46709E+00
+108.7500E+00,-77.40301E+00
+109.0000E+00,-76.40831E+00
+109.2500E+00,-85.69387E+00
+109.5000E+00,-76.84920E+00
+109.7500E+00,-84.45276E+00
+110.0000E+00,-84.53333E+00
+110.2500E+00,-77.57072E+00
+110.5000E+00,-76.47201E+00
+110.7500E+00,-76.68483E+00
+111.0000E+00,-80.27368E+00
+111.2500E+00,-79.82785E+00
+111.5000E+00,-81.99570E+00
+111.7500E+00,-89.43791E+00
+112.0000E+00,-86.03722E+00
+112.2500E+00,-78.20579E+00
+112.5000E+00,-76.48341E+00
+112.7500E+00,-78.98781E+00
+113.0000E+00,-82.36512E+00
+113.2500E+00,-80.25951E+00
+113.5000E+00,-85.50492E+00
+113.7500E+00,-80.75508E+00
+114.0000E+00,-80.26904E+00
+114.2500E+00,-80.87942E+00
+114.5000E+00,-81.44501E+00
+114.7500E+00,-82.94459E+00
+115.0000E+00,-82.58138E+00
+115.2500E+00,-92.80221E+00
+115.5000E+00,-87.85684E+00
+115.7500E+00,-80.59912E+00
+116.0000E+00,-77.64521E+00
+116.2500E+00,-78.17765E+00
+116.5000E+00,-75.81541E+00
+116.7500E+00,-79.88554E+00
+117.0000E+00,-85.43231E+00
+117.2500E+00,-85.75216E+00
+117.5000E+00,-77.86590E+00
+117.7500E+00,-78.07080E+00
+118.0000E+00,-84.64578E+00
+118.2500E+00,-78.96080E+00
+118.5000E+00,-80.07634E+00
+118.7500E+00,-81.98589E+00
+119.0000E+00,-82.32970E+00
+119.2500E+00,-78.98073E+00
+119.5000E+00,-85.41647E+00
+119.7500E+00,-83.06867E+00
+120.0000E+00,-87.79175E+00
+120.2500E+00,-82.73423E+00
+120.5000E+00,-90.34828E+00
+120.7500E+00,-84.06936E+00
+121.0000E+00,-81.67350E+00
+121.2500E+00,-79.02442E+00
+121.5000E+00,-85.53742E+00
+121.7500E+00,-85.92698E+00
+122.0000E+00,-83.50355E+00
+122.2500E+00,-84.39440E+00
+122.5000E+00,-81.73301E+00
+122.7500E+00,-72.20790E+00
+123.0000E+00,-77.33382E+00
+123.2500E+00,-86.49785E+00
+123.5000E+00,-84.73318E+00
+123.7500E+00,-85.16237E+00
+124.0000E+00,-82.92835E+00
+124.2500E+00,-89.83794E+00
+124.5000E+00,-79.98008E+00
+124.7500E+00,-73.37097E+00
+125.0000E+00,-90.58755E+00
+125.2500E+00,-75.54236E+00
+125.5000E+00,-74.60190E+00
+125.7500E+00,-79.40258E+00
+126.0000E+00,-80.30381E+00
+126.2500E+00,-76.46740E+00
+126.5000E+00,-76.94140E+00
+126.7500E+00,-83.72007E+00
+127.0000E+00,-83.99087E+00
+127.2500E+00,-78.50016E+00
+127.5000E+00,-80.85489E+00
+127.7500E+00,-86.44865E+00
+128.0000E+00,-85.14019E+00
+128.2500E+00,-78.47412E+00
+128.5000E+00,-78.26383E+00
+128.7500E+00,-82.77897E+00
+129.0000E+00,-92.45691E+00
+129.2500E+00,-80.38284E+00
+129.5000E+00,-81.88179E+00
+129.7500E+00,-81.82971E+00
+130.0000E+00,-77.62215E+00
+130.2500E+00,-80.73302E+00
+130.5000E+00,-77.74991E+00
+130.7500E+00,-75.95154E+00
+131.0000E+00,-76.61101E+00
+131.2500E+00,-87.39036E+00
+131.5000E+00,-108.67409E+00
+131.7500E+00,-95.07939E+00
+132.0000E+00,-81.24358E+00
+132.2500E+00,-87.36711E+00
+132.5000E+00,-79.51649E+00
+132.7500E+00,-80.63583E+00
+133.0000E+00,-84.96364E+00
+133.2500E+00,-81.76679E+00
+133.5000E+00,-86.16291E+00
+133.7500E+00,-77.69720E+00
+134.0000E+00,-77.19630E+00
+134.2500E+00,-84.55961E+00
+134.5000E+00,-84.01536E+00
+134.7500E+00,-81.75733E+00
+135.0000E+00,-81.57495E+00
+135.2500E+00,-82.81450E+00
+135.5000E+00,-92.45213E+00
+135.7500E+00,-83.91783E+00
+136.0000E+00,-87.83303E+00
+136.2500E+00,-85.93383E+00
+136.5000E+00,-92.13404E+00
+136.7500E+00,-80.91179E+00
+137.0000E+00,-80.79367E+00
+137.2500E+00,-85.03012E+00
+137.5000E+00,-81.64952E+00
+137.7500E+00,-86.95366E+00
+138.0000E+00,-93.35174E+00
+138.2500E+00,-94.76464E+00
+138.5000E+00,-99.21613E+00
+138.7500E+00,-83.87680E+00
+139.0000E+00,-88.22912E+00
+139.2500E+00,-82.39374E+00
+139.5000E+00,-83.17953E+00
+139.7500E+00,-80.34531E+00
+140.0000E+00,-82.04691E+00
+140.2500E+00,-79.26637E+00
+140.5000E+00,-81.65216E+00
+140.7500E+00,-81.40949E+00
+141.0000E+00,-78.04937E+00
+141.2500E+00,-70.78106E+00
+141.5000E+00,-73.00216E+00
+141.7500E+00,-81.30567E+00
+142.0000E+00,-91.85520E+00
+142.2500E+00,-82.38080E+00
+142.5000E+00,-82.83154E+00
+142.7500E+00,-82.81330E+00
+143.0000E+00,-78.50926E+00
+143.2500E+00,-73.21368E+00
+143.5000E+00,-100.72061E+00
+143.7500E+00,-77.33009E+00
+144.0000E+00,-76.53544E+00
+144.2500E+00,-89.78515E+00
+144.5000E+00,-90.75963E+00
+144.7500E+00,-89.26045E+00
+145.0000E+00,-84.06434E+00
+145.2500E+00,-80.11071E+00
+145.5000E+00,-78.55770E+00
+145.7500E+00,-87.47500E+00
+146.0000E+00,-76.92600E+00
+146.2500E+00,-78.87692E+00
+146.5000E+00,-84.69111E+00
+146.7500E+00,-91.17546E+00
+147.0000E+00,-88.88235E+00
+147.2500E+00,-77.13670E+00
+147.5000E+00,-80.64267E+00
+147.7500E+00,-100.99482E+00
+148.0000E+00,-77.38947E+00
+148.2500E+00,-80.69387E+00
+148.5000E+00,-71.17827E+00
+148.7500E+00,-76.67871E+00
+149.0000E+00,-60.99869E+00
+149.2500E+00,-49.05436E+00
+149.5000E+00,-46.11000E+00
+149.7500E+00,-13.65108E+00
+150.0000E+00,-7.91032E+00
+150.2500E+00,-24.57286E+00
+150.5000E+00,-44.36629E+00
+150.7500E+00,-58.45747E+00
+151.0000E+00,-65.35485E+00
+151.2500E+00,-66.94238E+00
+151.5000E+00,-73.88162E+00
+151.7500E+00,-74.81975E+00
+152.0000E+00,-77.67980E+00
+152.2500E+00,-78.31186E+00
+152.5000E+00,-79.32847E+00
+152.7500E+00,-71.18136E+00
+153.0000E+00,-73.54905E+00
+153.2500E+00,-82.19390E+00
+153.5000E+00,-80.15787E+00
+153.7500E+00,-75.92400E+00
+154.0000E+00,-81.51720E+00
+154.2500E+00,-84.02776E+00
+154.5000E+00,-81.23382E+00
+154.7500E+00,-82.61153E+00
+155.0000E+00,-82.07010E+00
+155.2500E+00,-77.58266E+00
+155.5000E+00,-76.87086E+00
+155.7500E+00,-80.54658E+00
+156.0000E+00,-83.95379E+00
+156.2500E+00,-80.30347E+00
+156.5000E+00,-77.17314E+00
+156.7500E+00,-81.86059E+00
+157.0000E+00,-77.87306E+00
+157.2500E+00,-78.75637E+00
+157.5000E+00,-81.87013E+00
+157.7500E+00,-86.13799E+00
+158.0000E+00,-88.34789E+00
+158.2500E+00,-83.23123E+00
+158.5000E+00,-80.30633E+00
+158.7500E+00,-78.03319E+00
+159.0000E+00,-75.14732E+00
+159.2500E+00,-79.05269E+00
+159.5000E+00,-75.48891E+00
+159.7500E+00,-74.80765E+00
+160.0000E+00,-75.06363E+00
+160.2500E+00,-83.37926E+00
+160.5000E+00,-84.30962E+00
+160.7500E+00,-83.87165E+00
+161.0000E+00,-81.29135E+00
+161.2500E+00,-79.40252E+00
+161.5000E+00,-84.46652E+00
+161.7500E+00,-81.13208E+00
+162.0000E+00,-79.20730E+00
+162.2500E+00,-78.70181E+00
+162.5000E+00,-80.32747E+00
+162.7500E+00,-78.62440E+00
+163.0000E+00,-84.21568E+00
+163.2500E+00,-77.27335E+00
+163.5000E+00,-86.78971E+00
+163.7500E+00,-80.85963E+00
+164.0000E+00,-83.09327E+00
+164.2500E+00,-81.43903E+00
+164.5000E+00,-83.60799E+00
+164.7500E+00,-74.15947E+00
+165.0000E+00,-70.88520E+00
+165.2500E+00,-74.99860E+00
+165.5000E+00,-99.50504E+00
+165.7500E+00,-85.38017E+00
+166.0000E+00,-80.95787E+00
+166.2500E+00,-81.83117E+00
+166.5000E+00,-77.80321E+00
+166.7500E+00,-81.19612E+00
+167.0000E+00,-88.17448E+00
+167.2500E+00,-75.25007E+00
+167.5000E+00,-81.65894E+00
+167.7500E+00,-91.26192E+00
+168.0000E+00,-84.55997E+00
+168.2500E+00,-76.75992E+00
+168.5000E+00,-75.44364E+00
+168.7500E+00,-80.37626E+00
+169.0000E+00,-85.99622E+00
+169.2500E+00,-78.83962E+00
+169.5000E+00,-81.89074E+00
+169.7500E+00,-81.26911E+00
+170.0000E+00,-83.79795E+00
+170.2500E+00,-86.51853E+00
+170.5000E+00,-82.59332E+00
+170.7500E+00,-90.87482E+00
+171.0000E+00,-85.80038E+00
+171.2500E+00,-82.05744E+00
+171.5000E+00,-79.67668E+00
+171.7500E+00,-79.25358E+00
+172.0000E+00,-77.39641E+00
+172.2500E+00,-80.81479E+00
+172.5000E+00,-90.28027E+00
+172.7500E+00,-78.40515E+00
+173.0000E+00,-83.28677E+00
+173.2500E+00,-79.63746E+00
+173.5000E+00,-80.35776E+00
+173.7500E+00,-84.46735E+00
+174.0000E+00,-82.39018E+00
+174.2500E+00,-75.79984E+00
+174.5000E+00,-78.73923E+00
+174.7500E+00,-94.60985E+00
+175.0000E+00,-87.47403E+00
+175.2500E+00,-89.40539E+00
+175.5000E+00,-87.94394E+00
+175.7500E+00,-80.10825E+00
+176.0000E+00,-78.56890E+00
+176.2500E+00,-90.00222E+00
+176.5000E+00,-80.48185E+00
+176.7500E+00,-83.36930E+00
+177.0000E+00,-81.69065E+00
+177.2500E+00,-81.69701E+00
+177.5000E+00,-81.76947E+00
+177.7500E+00,-77.20390E+00
+178.0000E+00,-79.32909E+00
+178.2500E+00,-80.34512E+00
+178.5000E+00,-80.02930E+00
+178.7500E+00,-83.70697E+00
+179.0000E+00,-83.40532E+00
+179.2500E+00,-95.75424E+00
+179.5000E+00,-82.43332E+00
+179.7500E+00,-82.57512E+00
+180.0000E+00,-80.17989E+00
+180.2500E+00,-86.95736E+00
+180.5000E+00,-79.17034E+00
+180.7500E+00,-80.54334E+00
+181.0000E+00,-88.98928E+00
+181.2500E+00,-79.19882E+00
+181.5000E+00,-84.50936E+00
+181.7500E+00,-85.34001E+00
+182.0000E+00,-80.11368E+00
+182.2500E+00,-78.55226E+00
+182.5000E+00,-83.42578E+00
+182.7500E+00,-81.57535E+00
+183.0000E+00,-87.91636E+00
+183.2500E+00,-90.45534E+00
+183.5000E+00,-87.03304E+00
+183.7500E+00,-88.21355E+00
+184.0000E+00,-84.35824E+00
+184.2500E+00,-80.24811E+00
+184.5000E+00,-85.04619E+00
+184.7500E+00,-86.64210E+00
+185.0000E+00,-86.12098E+00
+185.2500E+00,-80.89439E+00
+185.5000E+00,-82.50145E+00
+185.7500E+00,-91.12200E+00
+186.0000E+00,-99.32071E+00
+186.2500E+00,-89.00181E+00
+186.5000E+00,-89.16366E+00
+186.7500E+00,-86.72088E+00
+187.0000E+00,-89.78023E+00
+187.2500E+00,-79.00201E+00
+187.5000E+00,-79.00356E+00
+187.7500E+00,-83.31600E+00
+188.0000E+00,-82.53502E+00
+188.2500E+00,-85.98795E+00
+188.5000E+00,-83.14760E+00
+188.7500E+00,-75.44889E+00
+189.0000E+00,-77.70941E+00
+189.2500E+00,-87.02885E+00
+189.5000E+00,-82.99999E+00
+189.7500E+00,-77.58052E+00
+190.0000E+00,-79.52183E+00
+190.2500E+00,-84.74002E+00
+190.5000E+00,-79.13444E+00
+190.7500E+00,-77.93229E+00
+191.0000E+00,-81.76314E+00
+191.2500E+00,-76.47567E+00
+191.5000E+00,-76.51052E+00
+191.7500E+00,-88.01907E+00
+192.0000E+00,-79.75210E+00
+192.2500E+00,-85.25728E+00
+192.5000E+00,-79.00426E+00
+192.7500E+00,-80.03246E+00
+193.0000E+00,-78.18257E+00
+193.2500E+00,-89.52720E+00
+193.5000E+00,-84.01594E+00
+193.7500E+00,-78.56548E+00
+194.0000E+00,-85.64350E+00
+194.2500E+00,-82.93447E+00
+194.5000E+00,-79.85693E+00
+194.7500E+00,-79.14869E+00
+195.0000E+00,-77.07091E+00
+195.2500E+00,-81.20660E+00
+195.5000E+00,-69.28833E+00
+195.7500E+00,-71.20104E+00
+196.0000E+00,-78.70748E+00
+196.2500E+00,-74.75799E+00
+196.5000E+00,-79.86769E+00
+196.7500E+00,-82.28948E+00
+197.0000E+00,-77.34359E+00
+197.2500E+00,-81.72535E+00
+197.5000E+00,-90.42339E+00
+197.7500E+00,-85.52495E+00
+198.0000E+00,-83.53415E+00
+198.2500E+00,-94.88414E+00
+198.5000E+00,-75.80939E+00
+198.7500E+00,-81.14118E+00
+199.0000E+00,-75.40774E+00
+199.2500E+00,-67.42934E+00
+199.5000E+00,-69.46639E+00
+199.7500E+00,-55.40509E+00
+200.0000E+00,-50.88901E+00
+200.2500E+00,-69.55127E+00
+200.5000E+00,-69.41603E+00
+200.7500E+00,-72.21720E+00
+201.0000E+00,-83.35629E+00
+201.2500E+00,-85.74595E+00
+201.5000E+00,-86.94746E+00
+201.7500E+00,-96.91044E+00
+202.0000E+00,-92.05893E+00
+202.2500E+00,-81.21480E+00
+202.5000E+00,-79.39546E+00
+202.7500E+00,-84.87146E+00
+203.0000E+00,-92.97276E+00
+203.2500E+00,-88.53838E+00
+203.5000E+00,-87.13828E+00
+203.7500E+00,-75.63021E+00
+204.0000E+00,-75.82588E+00
+204.2500E+00,-65.81598E+00
+204.5000E+00,-73.38156E+00
+204.7500E+00,-76.75608E+00
+205.0000E+00,-76.34790E+00
+205.2500E+00,-76.34114E+00
+205.5000E+00,-76.03442E+00
+205.7500E+00,-79.82782E+00
+206.0000E+00,-84.52844E+00
+206.2500E+00,-80.98892E+00
+206.5000E+00,-81.46691E+00
+206.7500E+00,-80.90527E+00
+207.0000E+00,-80.49727E+00
+207.2500E+00,-89.90491E+00
+207.5000E+00,-79.26759E+00
+207.7500E+00,-81.90572E+00
+208.0000E+00,-72.83581E+00
+208.2500E+00,-75.01903E+00
+208.5000E+00,-77.03317E+00
+208.7500E+00,-79.18722E+00
+209.0000E+00,-88.15072E+00
+209.2500E+00,-78.72531E+00
+209.5000E+00,-82.94102E+00
+209.7500E+00,-82.25841E+00
+210.0000E+00,-82.45177E+00
+210.2500E+00,-94.54245E+00
+210.5000E+00,-83.17025E+00
+210.7500E+00,-87.52601E+00
+211.0000E+00,-83.73269E+00
+211.2500E+00,-76.58223E+00
+211.5000E+00,-80.39802E+00
+211.7500E+00,-83.36755E+00
+212.0000E+00,-84.21798E+00
+212.2500E+00,-74.88379E+00
+212.5000E+00,-77.76013E+00
+212.7500E+00,-89.71930E+00
+213.0000E+00,-88.95861E+00
+213.2500E+00,-75.68595E+00
+213.5000E+00,-75.74896E+00
+213.7500E+00,-81.85965E+00
+214.0000E+00,-80.13353E+00
+214.2500E+00,-77.78481E+00
+214.5000E+00,-79.67984E+00
+214.7500E+00,-81.53241E+00
+215.0000E+00,-77.52088E+00
+215.2500E+00,-79.09839E+00
+215.5000E+00,-81.36676E+00
+215.7500E+00,-89.94626E+00
+216.0000E+00,-78.37353E+00
+216.2500E+00,-89.77331E+00
+216.5000E+00,-80.27941E+00
+216.7500E+00,-76.87106E+00
+217.0000E+00,-77.06854E+00
+217.2500E+00,-79.17543E+00
+217.5000E+00,-84.26871E+00
+217.7500E+00,-86.23952E+00
+218.0000E+00,-87.12695E+00
+218.2500E+00,-80.99028E+00
+218.5000E+00,-84.90055E+00
+218.7500E+00,-75.72583E+00
+219.0000E+00,-76.78423E+00
+219.2500E+00,-92.56588E+00
+219.5000E+00,-78.45962E+00
+219.7500E+00,-77.58310E+00
+220.0000E+00,-77.49746E+00
+220.2500E+00,-81.88882E+00
+220.5000E+00,-76.02910E+00
+220.7500E+00,-78.05811E+00
+221.0000E+00,-85.95199E+00
+221.2500E+00,-88.65760E+00
+221.5000E+00,-82.24232E+00
+221.7500E+00,-89.39276E+00
+222.0000E+00,-91.55160E+00
+222.2500E+00,-84.26431E+00
+222.5000E+00,-96.90440E+00
+222.7500E+00,-81.06735E+00
+223.0000E+00,-82.90574E+00
+223.2500E+00,-79.39458E+00
+223.5000E+00,-77.72746E+00
+223.7500E+00,-79.68371E+00
+224.0000E+00,-81.54145E+00
+224.2500E+00,-93.50976E+00
+224.5000E+00,-90.02374E+00
+224.7500E+00,-79.87829E+00
+225.0000E+00,-78.25313E+00
+225.2500E+00,-85.39401E+00
+225.5000E+00,-78.58937E+00
+225.7500E+00,-83.64270E+00
+226.0000E+00,-80.47090E+00
+226.2500E+00,-76.92519E+00
+226.5000E+00,-82.31299E+00
+226.7500E+00,-96.48661E+00
+227.0000E+00,-96.19431E+00
+227.2500E+00,-89.66916E+00
+227.5000E+00,-85.63515E+00
+227.7500E+00,-87.24839E+00
+228.0000E+00,-78.30610E+00
+228.2500E+00,-76.11149E+00
+228.5000E+00,-76.99445E+00
+228.7500E+00,-91.32322E+00
+229.0000E+00,-79.11796E+00
+229.2500E+00,-73.75559E+00
+229.5000E+00,-78.41778E+00
+229.7500E+00,-88.43778E+00
+230.0000E+00,-82.49739E+00
+230.2500E+00,-79.75936E+00
+230.5000E+00,-83.38337E+00
+230.7500E+00,-74.65338E+00
+231.0000E+00,-87.10815E+00
+231.2500E+00,-82.69720E+00
+231.5000E+00,-80.29681E+00
+231.7500E+00,-83.57262E+00
+232.0000E+00,-80.85244E+00
+232.2500E+00,-86.86536E+00
+232.5000E+00,-79.22643E+00
+232.7500E+00,-84.48452E+00
+233.0000E+00,-82.12211E+00
+233.2500E+00,-88.37009E+00
+233.5000E+00,-81.20544E+00
+233.7500E+00,-89.54564E+00
+234.0000E+00,-84.53851E+00
+234.2500E+00,-78.69440E+00
+234.5000E+00,-76.88964E+00
+234.7500E+00,-77.06471E+00
+235.0000E+00,-78.37511E+00
+235.2500E+00,-81.96668E+00
+235.5000E+00,-81.80149E+00
+235.7500E+00,-81.92566E+00
+236.0000E+00,-79.11184E+00
+236.2500E+00,-82.30733E+00
+236.5000E+00,-88.19660E+00
+236.7500E+00,-86.91871E+00
+237.0000E+00,-82.16289E+00
+237.2500E+00,-86.18279E+00
+237.5000E+00,-82.09210E+00
+237.7500E+00,-107.49892E+00
+238.0000E+00,-81.49049E+00
+238.2500E+00,-83.95486E+00
+238.5000E+00,-81.55830E+00
+238.7500E+00,-88.77196E+00
+239.0000E+00,-81.90721E+00
+239.2500E+00,-80.02087E+00
+239.5000E+00,-83.66654E+00
+239.7500E+00,-85.49265E+00
+240.0000E+00,-82.24024E+00
+240.2500E+00,-76.63761E+00
+240.5000E+00,-79.69565E+00
+240.7500E+00,-81.62648E+00
+241.0000E+00,-79.40066E+00
+241.2500E+00,-73.58792E+00
+241.5000E+00,-77.13799E+00
+241.7500E+00,-74.37639E+00
+242.0000E+00,-86.00185E+00
+242.2500E+00,-85.80520E+00
+242.5000E+00,-80.39115E+00
+242.7500E+00,-78.04893E+00
+243.0000E+00,-80.58809E+00
+243.2500E+00,-84.32289E+00
+243.5000E+00,-82.45138E+00
+243.7500E+00,-95.69919E+00
+244.0000E+00,-90.69936E+00
+244.2500E+00,-80.36506E+00
+244.5000E+00,-84.19328E+00
+244.7500E+00,-86.87581E+00
+245.0000E+00,-82.15614E+00
+245.2500E+00,-89.88229E+00
+245.5000E+00,-88.51288E+00
+245.7500E+00,-85.66034E+00
+246.0000E+00,-85.61242E+00
+246.2500E+00,-78.56315E+00
+246.5000E+00,-75.57082E+00
+246.7500E+00,-78.47801E+00
+247.0000E+00,-83.56873E+00
+247.2500E+00,-84.61209E+00
+247.5000E+00,-85.47624E+00
+247.7500E+00,-80.61139E+00
+248.0000E+00,-76.63421E+00
+248.2500E+00,-71.08944E+00
+248.5000E+00,-69.95728E+00
+248.7500E+00,-71.98698E+00
+249.0000E+00,-67.05099E+00
+249.2500E+00,-61.15366E+00
+249.5000E+00,-50.19432E+00
+249.7500E+00,-21.97959E+00
+250.0000E+00,-19.13364E+00
+250.2500E+00,-38.71412E+00
+250.5000E+00,-67.75424E+00
+250.7500E+00,-72.10330E+00
+251.0000E+00,-70.30418E+00
+251.2500E+00,-82.70696E+00
+251.5000E+00,-82.87032E+00
+251.7500E+00,-77.30861E+00
+252.0000E+00,-74.64459E+00
+252.2500E+00,-80.93434E+00
+252.5000E+00,-78.60553E+00
+252.7500E+00,-80.50893E+00
+253.0000E+00,-80.87485E+00
+253.2500E+00,-80.06430E+00
+253.5000E+00,-85.02379E+00
+253.7500E+00,-84.38067E+00
+254.0000E+00,-79.49164E+00
+254.2500E+00,-79.32795E+00
+254.5000E+00,-82.55644E+00
+254.7500E+00,-74.51676E+00
+255.0000E+00,-76.66875E+00
+255.2500E+00,-73.69154E+00
+255.5000E+00,-80.05946E+00
+255.7500E+00,-91.86869E+00
+256.0000E+00,-83.58629E+00
+256.2500E+00,-87.16001E+00
+256.5000E+00,-81.03481E+00
+256.7500E+00,-86.68519E+00
+257.0000E+00,-80.38283E+00
+257.2500E+00,-84.49686E+00
+257.5000E+00,-81.43800E+00
+257.7500E+00,-83.27226E+00
+258.0000E+00,-87.73714E+00
+258.2500E+00,-78.80270E+00
+258.5000E+00,-81.29900E+00
+258.7500E+00,-79.38419E+00
+259.0000E+00,-82.67731E+00
+259.2500E+00,-78.06894E+00
+259.5000E+00,-87.07270E+00
+259.7500E+00,-83.36876E+00
+260.0000E+00,-76.10397E+00
+260.2500E+00,-80.64599E+00
+260.5000E+00,-83.78135E+00
+260.7500E+00,-80.32695E+00
+261.0000E+00,-86.83594E+00
+261.2500E+00,-86.15400E+00
+261.5000E+00,-93.04679E+00
+261.7500E+00,-77.16790E+00
+262.0000E+00,-78.25094E+00
+262.2500E+00,-80.36529E+00
+262.5000E+00,-76.29185E+00
+262.7500E+00,-77.08762E+00
+263.0000E+00,-85.91646E+00
+263.2500E+00,-92.29380E+00
+263.5000E+00,-85.28987E+00
+263.7500E+00,-76.66231E+00
+264.0000E+00,-84.77861E+00
+264.2500E+00,-90.54881E+00
+264.5000E+00,-78.33412E+00
+264.7500E+00,-99.87221E+00
+265.0000E+00,-76.00237E+00
+265.2500E+00,-78.38471E+00
+265.5000E+00,-81.45650E+00
+265.7500E+00,-80.67850E+00
+266.0000E+00,-78.16853E+00
+266.2500E+00,-84.02940E+00
+266.5000E+00,-94.94472E+00
+266.7500E+00,-94.49568E+00
+267.0000E+00,-90.70816E+00
+267.2500E+00,-88.10048E+00
+267.5000E+00,-83.67444E+00
+267.7500E+00,-78.39587E+00
+268.0000E+00,-77.72718E+00
+268.2500E+00,-86.58002E+00
+268.5000E+00,-80.69130E+00
+268.7500E+00,-83.63067E+00
+269.0000E+00,-76.24808E+00
+269.2500E+00,-74.19852E+00
+269.5000E+00,-93.99653E+00
+269.7500E+00,-79.31518E+00
+270.0000E+00,-77.88844E+00
+270.2500E+00,-89.33698E+00
+270.5000E+00,-81.46425E+00
+270.7500E+00,-79.21190E+00
+271.0000E+00,-86.77702E+00
+271.2500E+00,-79.30826E+00
+271.5000E+00,-81.47263E+00
+271.7500E+00,-93.81119E+00
+272.0000E+00,-80.90859E+00
+272.2500E+00,-81.55702E+00
+272.5000E+00,-78.80431E+00
+272.7500E+00,-77.82041E+00
+273.0000E+00,-78.54045E+00
+273.2500E+00,-79.17517E+00
+273.5000E+00,-77.91253E+00
+273.7500E+00,-78.73318E+00
+274.0000E+00,-76.90880E+00
+274.2500E+00,-76.66990E+00
+274.5000E+00,-84.57771E+00
+274.7500E+00,-89.15297E+00
+275.0000E+00,-83.05575E+00
+275.2500E+00,-77.00903E+00
+275.5000E+00,-73.96140E+00
+275.7500E+00,-75.67154E+00
+276.0000E+00,-76.35688E+00
+276.2500E+00,-75.85759E+00
+276.5000E+00,-82.15382E+00
+276.7500E+00,-79.62302E+00
+277.0000E+00,-79.33034E+00
+277.2500E+00,-89.67160E+00
+277.5000E+00,-79.26097E+00
+277.7500E+00,-84.33416E+00
+278.0000E+00,-75.20768E+00
+278.2500E+00,-84.82012E+00
+278.5000E+00,-86.34421E+00
+278.7500E+00,-85.01012E+00
+279.0000E+00,-89.52196E+00
+279.2500E+00,-83.92438E+00
+279.5000E+00,-81.15090E+00
+279.7500E+00,-82.20990E+00
+280.0000E+00,-83.69528E+00
+280.2500E+00,-87.64971E+00
+280.5000E+00,-86.95749E+00
+280.7500E+00,-82.52012E+00
+281.0000E+00,-83.22260E+00
+281.2500E+00,-79.54897E+00
+281.5000E+00,-79.64424E+00
+281.7500E+00,-86.21810E+00
+282.0000E+00,-98.35125E+00
+282.2500E+00,-86.43651E+00
+282.5000E+00,-79.20342E+00
+282.7500E+00,-80.52700E+00
+283.0000E+00,-94.58143E+00
+283.2500E+00,-83.56195E+00
+283.5000E+00,-77.86976E+00
+283.7500E+00,-82.16789E+00
+284.0000E+00,-84.12927E+00
+284.2500E+00,-84.15862E+00
+284.5000E+00,-77.86519E+00
+284.7500E+00,-78.31155E+00
+285.0000E+00,-76.81814E+00
+285.2500E+00,-84.57231E+00
+285.5000E+00,-88.94766E+00
+285.7500E+00,-77.19406E+00
+286.0000E+00,-80.10356E+00
+286.2500E+00,-84.66412E+00
+286.5000E+00,-100.08504E+00
+286.7500E+00,-94.49440E+00
+287.0000E+00,-80.68082E+00
+287.2500E+00,-76.46083E+00
+287.5000E+00,-77.90151E+00
+287.7500E+00,-87.38397E+00
+288.0000E+00,-82.95336E+00
+288.2500E+00,-88.34239E+00
+288.5000E+00,-80.48508E+00
+288.7500E+00,-76.66724E+00
+289.0000E+00,-81.02350E+00
+289.2500E+00,-89.91710E+00
+289.5000E+00,-77.93495E+00
+289.7500E+00,-82.09232E+00
+290.0000E+00,-84.43832E+00
+290.2500E+00,-78.96768E+00
+290.5000E+00,-84.85563E+00
+290.7500E+00,-86.49476E+00
+291.0000E+00,-77.20695E+00
+291.2500E+00,-82.45762E+00
+291.5000E+00,-86.56344E+00
+291.7500E+00,-76.41688E+00
+292.0000E+00,-79.59787E+00
+292.2500E+00,-93.47644E+00
+292.5000E+00,-81.11453E+00
+292.7500E+00,-79.52913E+00
+293.0000E+00,-75.97612E+00
+293.2500E+00,-82.47113E+00
+293.5000E+00,-85.86722E+00
+293.7500E+00,-83.71360E+00
+294.0000E+00,-88.46293E+00
+294.2500E+00,-77.03591E+00
+294.5000E+00,-77.00352E+00
+294.7500E+00,-78.57330E+00
+295.0000E+00,-81.70417E+00
+295.2500E+00,-78.01658E+00
+295.5000E+00,-69.03535E+00
+295.7500E+00,-73.70016E+00
+296.0000E+00,-78.46617E+00
+296.2500E+00,-79.75249E+00
+296.5000E+00,-88.45804E+00
+296.7500E+00,-79.63281E+00
+297.0000E+00,-88.64878E+00
+297.2500E+00,-82.60716E+00
+297.5000E+00,-86.47178E+00
+297.7500E+00,-81.57779E+00
+298.0000E+00,-91.93662E+00
+298.2500E+00,-80.08503E+00
+298.5000E+00,-74.42280E+00
+298.7500E+00,-85.64051E+00
+299.0000E+00,-78.40026E+00
+299.2500E+00,-72.47561E+00
+299.5000E+00,-75.10309E+00
+299.7500E+00,-56.79953E+00
+300.0000E+00,-55.46837E+00
+300.2500E+00,-74.84081E+00
+300.5000E+00,-76.59358E+00
+300.7500E+00,-83.14816E+00
+301.0000E+00,-80.45932E+00
+301.2500E+00,-98.32315E+00
+301.5000E+00,-78.54313E+00
+301.7500E+00,-79.66986E+00
+302.0000E+00,-73.49751E+00
+302.2500E+00,-82.40036E+00
+302.5000E+00,-84.85396E+00
+302.7500E+00,-76.20198E+00
+303.0000E+00,-76.58129E+00
+303.2500E+00,-83.32017E+00
+303.5000E+00,-81.93761E+00
+303.7500E+00,-85.83260E+00
+304.0000E+00,-74.87062E+00
+304.2500E+00,-70.91100E+00
+304.5000E+00,-90.18602E+00
+304.7500E+00,-84.92178E+00
+305.0000E+00,-114.98193E+00
+305.2500E+00,-79.65639E+00
+305.5000E+00,-76.69433E+00
+305.7500E+00,-76.88681E+00
+306.0000E+00,-87.24628E+00
+306.2500E+00,-79.93737E+00
+306.5000E+00,-90.35723E+00
+306.7500E+00,-87.00045E+00
+307.0000E+00,-79.49192E+00
+307.2500E+00,-76.42650E+00
+307.5000E+00,-75.99230E+00
+307.7500E+00,-77.88293E+00
+308.0000E+00,-84.36470E+00
+308.2500E+00,-85.46578E+00
+308.5000E+00,-75.43268E+00
+308.7500E+00,-79.18899E+00
+309.0000E+00,-76.59464E+00
+309.2500E+00,-87.65799E+00
+309.5000E+00,-81.46498E+00
+309.7500E+00,-87.51697E+00
+310.0000E+00,-85.77459E+00
+310.2500E+00,-91.22066E+00
+310.5000E+00,-82.05941E+00
+310.7500E+00,-94.30843E+00
+311.0000E+00,-77.96891E+00
+311.2500E+00,-75.38696E+00
+311.5000E+00,-77.31612E+00
+311.7500E+00,-79.05150E+00
+312.0000E+00,-77.74119E+00
+312.2500E+00,-88.37579E+00
+312.5000E+00,-83.67017E+00
+312.7500E+00,-78.13286E+00
+313.0000E+00,-77.45867E+00
+313.2500E+00,-80.49956E+00
+313.5000E+00,-78.44363E+00
+313.7500E+00,-86.76628E+00
+314.0000E+00,-83.36487E+00
+314.2500E+00,-84.49849E+00
+314.5000E+00,-84.66839E+00
+314.7500E+00,-83.26414E+00
+315.0000E+00,-77.81089E+00
+315.2500E+00,-79.16287E+00
+315.5000E+00,-86.38474E+00
+315.7500E+00,-82.51589E+00
+316.0000E+00,-79.33868E+00
+316.2500E+00,-89.61258E+00
+316.5000E+00,-82.85644E+00
+316.7500E+00,-96.35034E+00
+317.0000E+00,-82.91501E+00
+317.2500E+00,-84.81708E+00
+317.5000E+00,-85.86914E+00
+317.7500E+00,-82.87811E+00
+318.0000E+00,-89.04711E+00
+318.2500E+00,-88.55318E+00
+318.5000E+00,-79.42581E+00
+318.7500E+00,-78.00087E+00
+319.0000E+00,-87.72231E+00
+319.2500E+00,-91.41787E+00
+319.5000E+00,-84.13749E+00
+319.7500E+00,-84.72305E+00
+320.0000E+00,-81.73994E+00
+320.2500E+00,-97.91685E+00
+320.5000E+00,-85.30163E+00
+320.7500E+00,-81.24814E+00
+321.0000E+00,-79.05768E+00
+321.2500E+00,-76.64194E+00
+321.5000E+00,-82.44164E+00
+321.7500E+00,-86.13627E+00
+322.0000E+00,-77.82285E+00
+322.2500E+00,-79.92338E+00
+322.5000E+00,-79.02485E+00
+322.7500E+00,-77.74827E+00
+323.0000E+00,-87.97671E+00
+323.2500E+00,-77.46944E+00
+323.5000E+00,-81.16357E+00
+323.7500E+00,-93.26284E+00
+324.0000E+00,-92.56831E+00
+324.2500E+00,-82.07908E+00
+324.5000E+00,-75.70647E+00
+324.7500E+00,-87.53019E+00
+325.0000E+00,-78.90112E+00
+325.2500E+00,-78.49666E+00
+325.5000E+00,-76.93925E+00
+325.7500E+00,-73.90310E+00
+326.0000E+00,-80.97242E+00
+326.2500E+00,-84.10262E+00
+326.5000E+00,-85.30172E+00
+326.7500E+00,-92.28548E+00
+327.0000E+00,-78.90026E+00
+327.2500E+00,-76.96621E+00
+327.5000E+00,-80.54769E+00
+327.7500E+00,-88.42179E+00
+328.0000E+00,-82.00860E+00
+328.2500E+00,-81.71853E+00
+328.5000E+00,-91.92104E+00
+328.7500E+00,-80.50174E+00
+329.0000E+00,-82.24580E+00
+329.2500E+00,-83.44902E+00
+329.5000E+00,-76.87710E+00
+329.7500E+00,-76.93236E+00
+330.0000E+00,-80.62299E+00
+330.2500E+00,-79.03627E+00
+330.5000E+00,-95.47497E+00
+330.7500E+00,-94.80324E+00
+331.0000E+00,-86.70090E+00
+331.2500E+00,-85.53478E+00
+331.5000E+00,-82.21713E+00
+331.7500E+00,-83.32560E+00
+332.0000E+00,-81.12698E+00
+332.2500E+00,-82.90645E+00
+332.5000E+00,-91.91355E+00
+332.7500E+00,-84.07060E+00
+333.0000E+00,-85.44539E+00
+333.2500E+00,-90.36602E+00
+333.5000E+00,-81.81818E+00
+333.7500E+00,-81.21240E+00
+334.0000E+00,-78.79629E+00
+334.2500E+00,-88.90454E+00
+334.5000E+00,-99.40499E+00
+334.7500E+00,-82.36958E+00
+335.0000E+00,-77.22590E+00
+335.2500E+00,-90.51864E+00
+335.5000E+00,-82.31196E+00
+335.7500E+00,-85.56242E+00
+336.0000E+00,-78.11225E+00
+336.2500E+00,-74.92383E+00
+336.5000E+00,-78.34878E+00
+336.7500E+00,-78.21632E+00
+337.0000E+00,-78.77801E+00
+337.2500E+00,-81.66813E+00
+337.5000E+00,-80.49515E+00
+337.7500E+00,-75.87846E+00
+338.0000E+00,-77.67370E+00
+338.2500E+00,-91.19688E+00
+338.5000E+00,-86.12555E+00
+338.7500E+00,-84.71119E+00
+339.0000E+00,-82.14275E+00
+339.2500E+00,-93.58813E+00
+339.5000E+00,-91.22484E+00
+339.7500E+00,-91.78206E+00
+340.0000E+00,-83.70360E+00
+340.2500E+00,-81.58572E+00
+340.5000E+00,-77.47906E+00
+340.7500E+00,-83.17368E+00
+341.0000E+00,-76.98208E+00
+341.2500E+00,-73.96233E+00
+341.5000E+00,-75.53928E+00
+341.7500E+00,-79.50598E+00
+342.0000E+00,-78.48056E+00
+342.2500E+00,-82.81673E+00
+342.5000E+00,-89.34881E+00
+342.7500E+00,-80.83916E+00
+343.0000E+00,-79.18459E+00
+343.2500E+00,-77.71230E+00
+343.5000E+00,-76.64881E+00
+343.7500E+00,-90.60161E+00
+344.0000E+00,-84.84450E+00
+344.2500E+00,-88.61368E+00
+344.5000E+00,-97.27051E+00
+344.7500E+00,-86.68147E+00
+345.0000E+00,-79.65553E+00
+345.2500E+00,-74.32992E+00
+345.5000E+00,-75.15540E+00
+345.7500E+00,-75.38817E+00
+346.0000E+00,-84.50269E+00
+346.2500E+00,-77.48365E+00
+346.5000E+00,-79.99143E+00
+346.7500E+00,-94.54140E+00
+347.0000E+00,-94.95156E+00
+347.2500E+00,-90.53334E+00
+347.5000E+00,-95.01192E+00
+347.7500E+00,-86.20783E+00
+348.0000E+00,-83.03545E+00
+348.2500E+00,-78.52285E+00
+348.5000E+00,-78.71345E+00
+348.7500E+00,-76.04674E+00
+349.0000E+00,-79.27409E+00
+349.2500E+00,-65.17781E+00
+349.5000E+00,-51.97895E+00
+349.7500E+00,-27.29315E+00
+350.0000E+00,-26.59729E+00
+350.2500E+00,-57.06600E+00
+350.5000E+00,-69.40692E+00
+350.7500E+00,-71.27848E+00
+351.0000E+00,-75.45977E+00
+351.2500E+00,-84.23208E+00
+351.5000E+00,-79.74755E+00
+351.7500E+00,-82.44384E+00
+352.0000E+00,-75.64662E+00
+352.2500E+00,-86.75936E+00
+352.5000E+00,-81.84849E+00
+352.7500E+00,-87.58798E+00
+353.0000E+00,-84.78404E+00
+353.2500E+00,-82.40430E+00
+353.5000E+00,-81.24419E+00
+353.7500E+00,-81.22747E+00
+354.0000E+00,-80.42611E+00
+354.2500E+00,-81.81136E+00
+354.5000E+00,-76.25587E+00
+354.7500E+00,-78.67751E+00
+355.0000E+00,-82.04526E+00
+355.2500E+00,-82.63436E+00
+355.5000E+00,-84.47828E+00
+355.7500E+00,-80.93388E+00
+356.0000E+00,-85.14533E+00
+356.2500E+00,-82.85952E+00
+356.5000E+00,-86.38899E+00
+356.7500E+00,-87.24997E+00
+357.0000E+00,-82.49386E+00
+357.2500E+00,-82.27510E+00
+357.5000E+00,-94.16884E+00
+357.7500E+00,-80.27931E+00
+358.0000E+00,-77.23457E+00
+358.2500E+00,-72.03597E+00
+358.5000E+00,-69.66944E+00
+358.7500E+00,-73.54478E+00
+359.0000E+00,-80.79311E+00
+359.2500E+00,-74.92592E+00
+359.5000E+00,-78.04981E+00
+359.7500E+00,-87.61256E+00
+360.0000E+00,-88.78124E+00
+360.2500E+00,-84.02574E+00
+360.5000E+00,-87.34177E+00
+360.7500E+00,-79.09362E+00
+361.0000E+00,-80.08697E+00
+361.2500E+00,-80.05708E+00
+361.5000E+00,-83.00435E+00
+361.7500E+00,-82.65335E+00
+362.0000E+00,-86.59591E+00
+362.2500E+00,-78.95135E+00
+362.5000E+00,-78.65931E+00
+362.7500E+00,-80.21032E+00
+363.0000E+00,-85.07761E+00
+363.2500E+00,-80.55159E+00
+363.5000E+00,-75.67612E+00
+363.7500E+00,-88.23853E+00
+364.0000E+00,-86.99460E+00
+364.2500E+00,-88.54629E+00
+364.5000E+00,-80.41953E+00
+364.7500E+00,-77.18586E+00
+365.0000E+00,-78.10472E+00
+365.2500E+00,-74.79452E+00
+365.5000E+00,-90.38928E+00
+365.7500E+00,-87.54162E+00
+366.0000E+00,-78.74238E+00
+366.2500E+00,-79.14240E+00
+366.5000E+00,-80.70545E+00
+366.7500E+00,-85.48179E+00
+367.0000E+00,-86.56985E+00
+367.2500E+00,-80.85176E+00
+367.5000E+00,-81.37892E+00
+367.7500E+00,-85.77315E+00
+368.0000E+00,-78.59032E+00
+368.2500E+00,-76.76322E+00
+368.5000E+00,-81.84480E+00
+368.7500E+00,-94.64204E+00
+369.0000E+00,-80.07642E+00
+369.2500E+00,-78.10811E+00
+369.5000E+00,-80.24002E+00
+369.7500E+00,-88.94092E+00
+370.0000E+00,-92.94398E+00
+370.2500E+00,-80.34628E+00
+370.5000E+00,-77.14694E+00
+370.7500E+00,-97.35716E+00
+371.0000E+00,-85.90821E+00
+371.2500E+00,-80.40054E+00
+371.5000E+00,-78.67538E+00
+371.7500E+00,-81.13483E+00
+372.0000E+00,-84.02520E+00
+372.2500E+00,-85.73931E+00
+372.5000E+00,-92.28806E+00
+372.7500E+00,-82.65565E+00
+373.0000E+00,-77.36092E+00
+373.2500E+00,-81.23277E+00
+373.5000E+00,-81.62440E+00
+373.7500E+00,-74.05752E+00
+374.0000E+00,-77.09816E+00
+374.2500E+00,-78.57059E+00
+374.5000E+00,-80.88397E+00
+374.7500E+00,-88.00951E+00
+375.0000E+00,-92.38608E+00
+375.2500E+00,-85.16324E+00
+375.5000E+00,-78.67573E+00
+375.7500E+00,-84.72297E+00
+376.0000E+00,-78.56754E+00
+376.2500E+00,-79.68252E+00
+376.5000E+00,-88.70019E+00
+376.7500E+00,-88.51516E+00
+377.0000E+00,-85.27018E+00
+377.2500E+00,-81.39669E+00
+377.5000E+00,-75.28735E+00
+377.7500E+00,-77.56507E+00
+378.0000E+00,-83.95183E+00
+378.2500E+00,-81.52160E+00
+378.5000E+00,-89.36190E+00
+378.7500E+00,-86.12269E+00
+379.0000E+00,-82.42293E+00
+379.2500E+00,-93.12671E+00
+379.5000E+00,-93.87681E+00
+379.7500E+00,-105.94120E+00
+380.0000E+00,-90.79994E+00
+380.2500E+00,-78.82248E+00
+380.5000E+00,-77.43961E+00
+380.7500E+00,-80.22784E+00
+381.0000E+00,-78.97861E+00
+381.2500E+00,-78.04212E+00
+381.5000E+00,-80.61705E+00
+381.7500E+00,-78.33246E+00
+382.0000E+00,-81.80392E+00
+382.2500E+00,-84.45556E+00
+382.5000E+00,-79.91865E+00
+382.7500E+00,-85.88717E+00
+383.0000E+00,-92.23772E+00
+383.2500E+00,-83.71360E+00
+383.5000E+00,-82.64126E+00
+383.7500E+00,-79.44215E+00
+384.0000E+00,-78.70046E+00
+384.2500E+00,-80.61177E+00
+384.5000E+00,-79.83747E+00
+384.7500E+00,-84.19593E+00
+385.0000E+00,-74.15714E+00
+385.2500E+00,-79.73315E+00
+385.5000E+00,-92.10659E+00
+385.7500E+00,-84.20620E+00
+386.0000E+00,-84.11869E+00
+386.2500E+00,-86.96392E+00
+386.5000E+00,-79.16349E+00
+386.7500E+00,-83.16856E+00
+387.0000E+00,-89.93463E+00
+387.2500E+00,-85.76527E+00
+387.5000E+00,-83.00735E+00
+387.7500E+00,-77.46198E+00
+388.0000E+00,-79.25981E+00
+388.2500E+00,-73.09121E+00
+388.5000E+00,-76.03931E+00
+388.7500E+00,-83.39228E+00
+389.0000E+00,-88.92617E+00
+389.2500E+00,-81.28215E+00
+389.5000E+00,-79.50895E+00
+389.7500E+00,-87.09957E+00
+390.0000E+00,-80.49240E+00
+390.2500E+00,-79.97572E+00
+390.5000E+00,-81.75906E+00
+390.7500E+00,-83.90979E+00
+391.0000E+00,-87.49194E+00
+391.2500E+00,-73.75465E+00
+391.5000E+00,-78.54521E+00
+391.7500E+00,-87.31410E+00
+392.0000E+00,-78.52647E+00
+392.2500E+00,-74.22779E+00
+392.5000E+00,-76.71323E+00
+392.7500E+00,-85.86024E+00
+393.0000E+00,-79.28350E+00
+393.2500E+00,-81.16622E+00
+393.5000E+00,-84.40784E+00
+393.7500E+00,-77.05103E+00
+394.0000E+00,-79.51140E+00
+394.2500E+00,-77.68235E+00
+394.5000E+00,-79.93698E+00
+394.7500E+00,-81.59900E+00
+395.0000E+00,-84.72872E+00
+395.2500E+00,-82.10883E+00
+395.5000E+00,-70.42087E+00
+395.7500E+00,-75.47183E+00
+396.0000E+00,-74.31950E+00
+396.2500E+00,-77.72993E+00
+396.5000E+00,-79.49341E+00
+396.7500E+00,-91.32335E+00
+397.0000E+00,-84.13069E+00
+397.2500E+00,-86.01943E+00
+397.5000E+00,-87.76269E+00
+397.7500E+00,-81.50773E+00
+398.0000E+00,-87.98157E+00
+398.2500E+00,-84.58149E+00
+398.5000E+00,-81.95877E+00
+398.7500E+00,-88.25729E+00
+399.0000E+00,-85.13156E+00
+399.2500E+00,-78.83053E+00
+399.5000E+00,-77.83305E+00
+399.7500E+00,-60.51369E+00
+400.0000E+00,-61.19224E+00
+400.2500E+00,-78.27421E+00
+400.5000E+00,-71.66140E+00
+400.7500E+00,-73.39133E+00
+401.0000E+00,-91.28144E+00
+401.2500E+00,-80.72173E+00
+401.5000E+00,-78.92786E+00
+401.7500E+00,-79.34828E+00
+402.0000E+00,-80.09333E+00
+402.2500E+00,-80.26627E+00
+402.5000E+00,-100.75247E+00
+402.7500E+00,-91.15558E+00
+403.0000E+00,-80.36988E+00
+403.2500E+00,-76.92066E+00
+403.5000E+00,-89.25994E+00
+403.7500E+00,-84.02292E+00
+404.0000E+00,-79.78774E+00
+404.2500E+00,-80.35705E+00
+404.5000E+00,-83.72951E+00
+404.7500E+00,-82.05435E+00
+405.0000E+00,-80.90801E+00
+405.2500E+00,-79.21971E+00
+405.5000E+00,-78.85787E+00
+405.7500E+00,-84.63254E+00
+406.0000E+00,-81.16734E+00
+406.2500E+00,-81.25317E+00
+406.5000E+00,-79.62096E+00
+406.7500E+00,-90.32181E+00
+407.0000E+00,-83.27058E+00
+407.2500E+00,-76.40860E+00
+407.5000E+00,-78.74251E+00
+407.7500E+00,-82.37974E+00
+408.0000E+00,-77.95929E+00
+408.2500E+00,-84.45494E+00
+408.5000E+00,-75.55458E+00
+408.7500E+00,-78.14037E+00
+409.0000E+00,-87.07632E+00
+409.2500E+00,-81.34056E+00
+409.5000E+00,-87.58073E+00
+409.7500E+00,-79.05932E+00
+410.0000E+00,-80.14740E+00
+410.2500E+00,-81.14505E+00
+410.5000E+00,-81.52624E+00
+410.7500E+00,-80.43399E+00
+411.0000E+00,-82.59436E+00
+411.2500E+00,-83.72162E+00
+411.5000E+00,-77.83816E+00
+411.7500E+00,-93.77655E+00
+412.0000E+00,-91.82875E+00
+412.2500E+00,-81.27056E+00
+412.5000E+00,-80.98587E+00
+412.7500E+00,-76.20320E+00
+413.0000E+00,-76.37488E+00
+413.2500E+00,-82.03536E+00
+413.5000E+00,-80.28353E+00
+413.7500E+00,-83.82548E+00
+414.0000E+00,-77.27675E+00
+414.2500E+00,-76.90944E+00
+414.5000E+00,-81.85868E+00
+414.7500E+00,-89.56197E+00
+415.0000E+00,-86.27795E+00
+415.2500E+00,-76.93894E+00
+415.5000E+00,-80.93443E+00
+415.7500E+00,-81.85066E+00
+416.0000E+00,-80.12951E+00
+416.2500E+00,-83.41898E+00
+416.5000E+00,-83.96863E+00
+416.7500E+00,-85.69604E+00
+417.0000E+00,-78.60736E+00
+417.2500E+00,-80.22923E+00
+417.5000E+00,-80.66592E+00
+417.7500E+00,-84.09371E+00
+418.0000E+00,-80.05630E+00
+418.2500E+00,-84.54622E+00
+418.5000E+00,-83.67655E+00
+418.7500E+00,-78.38405E+00
+419.0000E+00,-79.87815E+00
+419.2500E+00,-87.37956E+00
+419.5000E+00,-86.75623E+00
+419.7500E+00,-82.20582E+00
+420.0000E+00,-84.44030E+00
+420.2500E+00,-81.96033E+00
+420.5000E+00,-77.39610E+00
+420.7500E+00,-86.21166E+00
+421.0000E+00,-85.51407E+00
+421.2500E+00,-80.84702E+00
+421.5000E+00,-82.86701E+00
+421.7500E+00,-86.12582E+00
+422.0000E+00,-75.82188E+00
+422.2500E+00,-80.84713E+00
+422.5000E+00,-85.45630E+00
+422.7500E+00,-79.20524E+00
+423.0000E+00,-82.35435E+00
+423.2500E+00,-84.65006E+00
+423.5000E+00,-87.69512E+00
+423.7500E+00,-94.69365E+00
+424.0000E+00,-92.05321E+00
+424.2500E+00,-82.60205E+00
+424.5000E+00,-83.53760E+00
+424.7500E+00,-89.38287E+00
+425.0000E+00,-88.79685E+00
+425.2500E+00,-88.43274E+00
+425.5000E+00,-91.79669E+00
+425.7500E+00,-91.70202E+00
+426.0000E+00,-86.80321E+00
+426.2500E+00,-84.45046E+00
+426.5000E+00,-79.69259E+00
+426.7500E+00,-76.36458E+00
+427.0000E+00,-74.82124E+00
+427.2500E+00,-86.08572E+00
+427.5000E+00,-75.88799E+00
+427.7500E+00,-72.09794E+00
+428.0000E+00,-77.98259E+00
+428.2500E+00,-84.40331E+00
+428.5000E+00,-77.23373E+00
+428.7500E+00,-78.33863E+00
+429.0000E+00,-83.25205E+00
+429.2500E+00,-90.64926E+00
+429.5000E+00,-89.25827E+00
+429.7500E+00,-80.17637E+00
+430.0000E+00,-77.89046E+00
+430.2500E+00,-76.17579E+00
+430.5000E+00,-76.38827E+00
+430.7500E+00,-83.24237E+00
+431.0000E+00,-81.22416E+00
+431.2500E+00,-77.25370E+00
+431.5000E+00,-77.64476E+00
+431.7500E+00,-84.27853E+00
+432.0000E+00,-76.92024E+00
+432.2500E+00,-77.87829E+00
+432.5000E+00,-80.36517E+00
+432.7500E+00,-85.32719E+00
+433.0000E+00,-82.43971E+00
+433.2500E+00,-89.57018E+00
+433.5000E+00,-82.40718E+00
+433.7500E+00,-79.84092E+00
+434.0000E+00,-78.59385E+00
+434.2500E+00,-90.18544E+00
+434.5000E+00,-99.80907E+00
+434.7500E+00,-81.25969E+00
+435.0000E+00,-79.78658E+00
+435.2500E+00,-84.38041E+00
+435.5000E+00,-83.54545E+00
+435.7500E+00,-90.52713E+00
+436.0000E+00,-83.26484E+00
+436.2500E+00,-87.14660E+00
+436.5000E+00,-81.28995E+00
+436.7500E+00,-83.65468E+00
+437.0000E+00,-88.80019E+00
+437.2500E+00,-103.40420E+00
+437.5000E+00,-80.56626E+00
+437.7500E+00,-78.30464E+00
+438.0000E+00,-82.66186E+00
+438.2500E+00,-79.38899E+00
+438.5000E+00,-76.71200E+00
+438.7500E+00,-88.41999E+00
+439.0000E+00,-85.67661E+00
+439.2500E+00,-81.03244E+00
+439.5000E+00,-79.37340E+00
+439.7500E+00,-82.15479E+00
+440.0000E+00,-79.42428E+00
+440.2500E+00,-86.00511E+00
+440.5000E+00,-87.15691E+00
+440.7500E+00,-75.61983E+00
+441.0000E+00,-76.10162E+00
+441.2500E+00,-73.17700E+00
+441.5000E+00,-79.24422E+00
+441.7500E+00,-79.03007E+00
+442.0000E+00,-88.71383E+00
+442.2500E+00,-81.11984E+00
+442.5000E+00,-81.11937E+00
+442.7500E+00,-83.29443E+00
+443.0000E+00,-84.98119E+00
+443.2500E+00,-74.33742E+00
+443.5000E+00,-76.47862E+00
+443.7500E+00,-81.40710E+00
+444.0000E+00,-82.57223E+00
+444.2500E+00,-85.89170E+00
+444.5000E+00,-82.69749E+00
+444.7500E+00,-80.87526E+00
+445.0000E+00,-79.76481E+00
+445.2500E+00,-87.66548E+00
+445.5000E+00,-87.44428E+00
+445.7500E+00,-86.08536E+00
+446.0000E+00,-85.21267E+00
+446.2500E+00,-87.31498E+00
+446.5000E+00,-81.86426E+00
+446.7500E+00,-89.50563E+00
+447.0000E+00,-82.67693E+00
+447.2500E+00,-79.87958E+00
+447.5000E+00,-81.87183E+00
+447.7500E+00,-89.02413E+00
+448.0000E+00,-85.51020E+00
+448.2500E+00,-82.72392E+00
+448.5000E+00,-82.45590E+00
+448.7500E+00,-85.04184E+00
+449.0000E+00,-79.26936E+00
+449.2500E+00,-75.44756E+00
+449.5000E+00,-57.68541E+00
+449.7500E+00,-33.79708E+00
+450.0000E+00,-36.32575E+00
+450.2500E+00,-69.75660E+00
+450.5000E+00,-78.17472E+00
+450.7500E+00,-74.79438E+00
+451.0000E+00,-82.90921E+00
+451.2500E+00,-83.43128E+00
+451.5000E+00,-84.55905E+00
+451.7500E+00,-85.08997E+00
+452.0000E+00,-81.33639E+00
+452.2500E+00,-77.12599E+00
+452.5000E+00,-79.65815E+00
+452.7500E+00,-89.03719E+00
+453.0000E+00,-84.36412E+00
+453.2500E+00,-84.48184E+00
+453.5000E+00,-91.19639E+00
+453.7500E+00,-77.18010E+00
+454.0000E+00,-75.20176E+00
+454.2500E+00,-82.57855E+00
+454.5000E+00,-80.25614E+00
+454.7500E+00,-80.55437E+00
+455.0000E+00,-85.95207E+00
+455.2500E+00,-84.24102E+00
+455.5000E+00,-80.64785E+00
+455.7500E+00,-89.25577E+00
+456.0000E+00,-84.41368E+00
+456.2500E+00,-89.76681E+00
+456.5000E+00,-77.99359E+00
+456.7500E+00,-77.44956E+00
+457.0000E+00,-76.77730E+00
+457.2500E+00,-76.56681E+00
+457.5000E+00,-77.32192E+00
+457.7500E+00,-79.76435E+00
+458.0000E+00,-84.72892E+00
+458.2500E+00,-79.48562E+00
+458.5000E+00,-76.14707E+00
+458.7500E+00,-78.11765E+00
+459.0000E+00,-79.28975E+00
+459.2500E+00,-85.76329E+00
+459.5000E+00,-77.83277E+00
+459.7500E+00,-79.31682E+00
+460.0000E+00,-83.60700E+00
+460.2500E+00,-84.49184E+00
+460.5000E+00,-88.88703E+00
+460.7500E+00,-85.99031E+00
+461.0000E+00,-86.80497E+00
+461.2500E+00,-84.75903E+00
+461.5000E+00,-80.00045E+00
+461.7500E+00,-77.67814E+00
+462.0000E+00,-80.96128E+00
+462.2500E+00,-82.56321E+00
+462.5000E+00,-83.57870E+00
+462.7500E+00,-81.13653E+00
+463.0000E+00,-91.63434E+00
+463.2500E+00,-86.95197E+00
+463.5000E+00,-79.98704E+00
+463.7500E+00,-77.78755E+00
+464.0000E+00,-77.59742E+00
+464.2500E+00,-75.61341E+00
+464.5000E+00,-88.54356E+00
+464.7500E+00,-79.61502E+00
+465.0000E+00,-75.80873E+00
+465.2500E+00,-77.76228E+00
+465.5000E+00,-79.69801E+00
+465.7500E+00,-82.61427E+00
+466.0000E+00,-82.13301E+00
+466.2500E+00,-83.47472E+00
+466.5000E+00,-81.19701E+00
+466.7500E+00,-80.56178E+00
+467.0000E+00,-79.65112E+00
+467.2500E+00,-78.93537E+00
+467.5000E+00,-82.19415E+00
+467.7500E+00,-87.29316E+00
+468.0000E+00,-78.48541E+00
+468.2500E+00,-75.44311E+00
+468.5000E+00,-78.88978E+00
+468.7500E+00,-75.08276E+00
+469.0000E+00,-78.74264E+00
+469.2500E+00,-83.20464E+00
+469.5000E+00,-86.48337E+00
+469.7500E+00,-80.96331E+00
+470.0000E+00,-81.68053E+00
+470.2500E+00,-77.92913E+00
+470.5000E+00,-84.95224E+00
+470.7500E+00,-79.57559E+00
+471.0000E+00,-86.85629E+00
+471.2500E+00,-83.58214E+00
+471.5000E+00,-78.96510E+00
+471.7500E+00,-75.27293E+00
+472.0000E+00,-77.08433E+00
+472.2500E+00,-93.70775E+00
+472.5000E+00,-82.03215E+00
+472.7500E+00,-93.38227E+00
+473.0000E+00,-76.29782E+00
+473.2500E+00,-72.80236E+00
+473.5000E+00,-83.97543E+00
+473.7500E+00,-90.06275E+00
+474.0000E+00,-91.53153E+00
+474.2500E+00,-79.72059E+00
+474.5000E+00,-81.63132E+00
+474.7500E+00,-79.68200E+00
+475.0000E+00,-87.49651E+00
+475.2500E+00,-77.79680E+00
+475.5000E+00,-77.42213E+00
+475.7500E+00,-93.22852E+00
+476.0000E+00,-81.90689E+00
+476.2500E+00,-93.89890E+00
+476.5000E+00,-86.81699E+00
+476.7500E+00,-84.14385E+00
+477.0000E+00,-82.58939E+00
+477.2500E+00,-80.15304E+00
+477.5000E+00,-79.86404E+00
+477.7500E+00,-84.86502E+00
+478.0000E+00,-85.92693E+00
+478.2500E+00,-91.06898E+00
+478.5000E+00,-82.63216E+00
+478.7500E+00,-89.93802E+00
+479.0000E+00,-84.42553E+00
+479.2500E+00,-89.40475E+00
+479.5000E+00,-79.48842E+00
+479.7500E+00,-81.39800E+00
+480.0000E+00,-86.08742E+00
+480.2500E+00,-84.14126E+00
+480.5000E+00,-77.30435E+00
+480.7500E+00,-82.87277E+00
+481.0000E+00,-79.05471E+00
+481.2500E+00,-77.20370E+00
+481.5000E+00,-81.53300E+00
+481.7500E+00,-80.52438E+00
+482.0000E+00,-88.18714E+00
+482.2500E+00,-83.58325E+00
+482.5000E+00,-84.52743E+00
+482.7500E+00,-85.34476E+00
+483.0000E+00,-81.82564E+00
+483.2500E+00,-85.05838E+00
+483.5000E+00,-88.49202E+00
+483.7500E+00,-90.22422E+00
+484.0000E+00,-82.22358E+00
+484.2500E+00,-87.68244E+00
+484.5000E+00,-87.26245E+00
+484.7500E+00,-89.86959E+00
+485.0000E+00,-77.50719E+00
+485.2500E+00,-76.08023E+00
+485.5000E+00,-80.41963E+00
+485.7500E+00,-88.85439E+00
+486.0000E+00,-85.85740E+00
+486.2500E+00,-82.44050E+00
+486.5000E+00,-78.41606E+00
+486.7500E+00,-84.73262E+00
+487.0000E+00,-82.38665E+00
+487.2500E+00,-77.77573E+00
+487.5000E+00,-82.92786E+00
+487.7500E+00,-89.77713E+00
+488.0000E+00,-85.71731E+00
+488.2500E+00,-88.07829E+00
+488.5000E+00,-98.72580E+00
+488.7500E+00,-92.10712E+00
+489.0000E+00,-91.78975E+00
+489.2500E+00,-87.42503E+00
+489.5000E+00,-84.55246E+00
+489.7500E+00,-75.90242E+00
+490.0000E+00,-78.13224E+00
+490.2500E+00,-79.84731E+00
+490.5000E+00,-80.19579E+00
+490.7500E+00,-78.71322E+00
+491.0000E+00,-77.57417E+00
+491.2500E+00,-70.22736E+00
+491.5000E+00,-74.53238E+00
+491.7500E+00,-86.14332E+00
+492.0000E+00,-86.67333E+00
+492.2500E+00,-83.04038E+00
+492.5000E+00,-80.85884E+00
+492.7500E+00,-76.76990E+00
+493.0000E+00,-79.04321E+00
+493.2500E+00,-81.65329E+00
+493.5000E+00,-79.09357E+00
+493.7500E+00,-84.94239E+00
+494.0000E+00,-88.99261E+00
+494.2500E+00,-81.30249E+00
+494.5000E+00,-85.26728E+00
+494.7500E+00,-74.93756E+00
+495.0000E+00,-77.05629E+00
+495.2500E+00,-76.18288E+00
+495.5000E+00,-71.23284E+00
+495.7500E+00,-81.06092E+00
+496.0000E+00,-87.06154E+00
+496.2500E+00,-78.78929E+00
+496.5000E+00,-78.62214E+00
+496.7500E+00,-76.39323E+00
+497.0000E+00,-82.59013E+00
+497.2500E+00,-83.98744E+00
+497.5000E+00,-89.91860E+00
+497.7500E+00,-99.23922E+00
+498.0000E+00,-75.24859E+00
+498.2500E+00,-79.16647E+00
+498.5000E+00,-81.82529E+00
+498.7500E+00,-83.36799E+00
+499.0000E+00,-88.41668E+00
+499.2500E+00,-77.60708E+00
+499.5000E+00,-86.83574E+00
+499.7500E+00,-70.14046E+00
